{
  "form_analysis": [
    {
      "technique": "フォアハンド",
      "timestamp_sec": 0,
      "joint_angles": {
        "right_elbow": {
          "avg": 111.80225723249066,
          "min": 1.2087546800097404,
          "max": 179.26554703678718,
          "std": 61.019471993288384
        },
        "left_elbow": {
          "avg": 98.59178263174006,
          "min": 1.4109290165925146,
          "max": 179.2730071300729,
          "std": 56.67488524829519
        },
        "right_knee": {
          "avg": 169.67534047470855,
          "min": 67.715653663731,
          "max": 179.51462477777972,
          "std": 10.02699124271392
        },
        "left_knee": {
          "avg": 170.05882185462383,
          "min": 40.56276054634755,
          "max": 179.64467238399766,
          "std": 10.898310321546678
        },
        "trunk_angle": {
          "avg": 0.8536183191969099,
          "min": -50.13845061902902,
          "max": 45.139514657300204,
          "std": 5.083246463973486
        }
      },
      "evaluation": "右肘（フォアハンド側）の平均角度（111.8度）は、理想とされる90度～120度の範囲に収まっており、基本的なフォームは確立されている。しかし、標準偏差（バラつき）が非常に大きく、スイングごとに肘の使い方が安定していない。特に準備動作やフィニッシュで過剰な動きが見られる可能性があり、打球の再現性を高めるために肘の動きの安定化が必要。",
      "improvement_points": [
        "肘の角度の変動が非常に大きい（標準偏差61.0度）。これは打点やスイング軌道が安定していない可能性を示す。",
        "最小角度が1.2度と極端に小さい。これは、打球後に腕を完全に畳み込む動作、または準備動作で腕を極端に曲げすぎている瞬間があることを示す。"
      ],
      "score": 3
    },
    {
      "technique": "バックハンド",
      "timestamp_sec": 0,
      "joint_angles": {
        "right_elbow": {
          "avg": 111.80225723249066,
          "min": 1.2087546800097404,
          "max": 179.26554703678718,
          "std": 61.019471993288384
        },
        "left_elbow": {
          "avg": 98.59178263174006,
          "min": 1.4109290165925146,
          "max": 179.2730071300729,
          "std": 56.67488524829519
        },
        "right_knee": {
          "avg": 169.67534047470855,
          "min": 67.715653663731,
          "max": 179.51462477777972,
          "std": 10.02699124271392
        },
        "left_knee": {
          "avg": 170.05882185462383,
          "min": 40.56276054634755,
          "max": 179.64467238399766,
          "std": 10.898310321546678
        },
        "trunk_angle": {
          "avg": 0.8536183191969099,
          "min": -50.13845061902902,
          "max": 45.139514657300204,
          "std": 5.083246463973486
        }
      },
      "evaluation": "左肘（バックハンド側）の平均角度（98.6度）は、フォアハンドよりもやや鋭角であり、バックハンドのコンパクトなスイングに適した傾向が見られる。しかし、フォアハンドと同様に標準偏差が非常に高く、スイングの再現性が低い。打点やラケット面が安定しない原因となっている可能性が高い。",
      "improvement_points": [
        "肘の角度の変動が非常に大きい（標準偏差56.7度）。フォアハンドと同様に、スイングの安定性に課題がある。",
        "最小角度が1.4度と極端に小さい。バックハンドでは特に、腕を畳みすぎることはパワーロスや打点の遅れにつながりやすい。"
      ],
      "score": 3
    },
    {
      "technique": "全体姿勢",
      "timestamp_sec": 0,
      "joint_angles": {
        "right_elbow": {
          "avg": 111.80225723249066,
          "min": 1.2087546800097404,
          "max": 179.26554703678718,
          "std": 61.019471993288384
        },
        "left_elbow": {
          "avg": 98.59178263174006,
          "min": 1.4109290165925146,
          "max": 179.2730071300729,
          "std": 56.67488524829519
        },
        "right_knee": {
          "avg": 169.67534047470855,
          "min": 67.715653663731,
          "max": 179.51462477777972,
          "std": 10.02699124271392
        },
        "left_knee": {
          "avg": 170.05882185462383,
          "min": 40.56276054634755,
          "max": 179.64467238399766,
          "std": 10.898310321546678
        },
        "trunk_angle": {
          "avg": 0.8536183191969099,
          "min": -50.13845061902902,
          "max": 45.139514657300204,
          "std": 5.083246463973486
        }
      },
      "evaluation": "下半身の使い方が最大の改善点である。膝の角度が平均170度前後（ほぼ伸びた状態）であり、理想とされる「軽く曲げた状態」（130度～160度程度）を維持できていない。これにより、打球時の沈み込みや上下動のバネが使えず、パワーや安定性を腕だけに頼っている状態が推測される。また、体幹の傾きが極端に変動しており、打球時に体がブレることで、腕の動きの不安定さ（肘の標準偏差の高さ）を引き起こしていると考えられる。まず、膝を安定して曲げる意識と、体幹のブレを抑えるトレーニングが必要。（体幹の安定性＝重心の安定性）",
      "improvement_points": [
        "膝の曲げ伸ばしが非常に少ない（平均170度前後）。これは、台の低い球やドライブを打つ際に、膝を使った沈み込み（屈曲）が不足していることを示す。",
        "膝の標準偏差が小さい（約10度）。これは、打球時の上下動や踏み込み（体重移動）が少なく、足のバネ（下半身の力）を十分に活用できていない可能性が高い。",
        "体幹の最小・最大傾きが非常に大きい（-50.1度から45.1度）。これは、打球時に体幹（胴体）が大きく左右や前後にブレており、安定した重心移動ができていないことを示す。"
      ],
      "score": 2
    }
  ],
  "footwork_analysis": {
    "total_distance": 19.74585684012258,
    "avg_speed": 0.09307258867892049,
    "lateral_ratio": 0.662820980296459,
    "evaluation": "このデータから、ラリー（球の打ち合い）が長く続いているにもかかわらず、選手のフットワークが全体的に遅く、機敏さに欠けていることが示唆されます。特に、平均移動速度の低さは、打球後の戻り（リカバリー）や次のボールへの準備動作が遅延していることを強く示しています。最大速度は出ているものの、それは一瞬の動きに過ぎず、持続的・連続的なフットワークの効率が非常に低い状態です。",
    "improvement_points": [
      "平均移動速度（0.0931）が非常に遅く、フットワークの機敏さ（素早さ）が不足している。",
      "最大移動速度（0.9629）と平均移動速度の差が大きすぎるため、動き出しや戻りの動作が遅い、または一部の動きしか速くできていない可能性がある。",
      "総移動距離が221.4秒のラリー時間（動画の長さ）に対して少ない可能性があり、コートカバー率が低い（ボールに追いつけていない）可能性がある。",
      "左右移動の割合（66.3%）は適切だが、前後移動（8.14）がやや少ない可能性があり、台から離れたボールやネット際のボールへの対応が不足している可能性がある。"
    ],
    "score": 2
  },
  "form_drills": [],
  "summary": {
    "form_avg_score": 2.6666666666666665,
    "footwork_score": 2,
    "total_drills": 0
  }
}