{
  "form_analysis": [
    {
      "technique": "フォアハンド",
      "timestamp_sec": 0,
      "joint_angles": {
        "right_elbow": {
          "avg": 111.80225723249066,
          "min": 1.2087546800097404,
          "max": 179.26554703678718,
          "std": 61.019471993288384
        },
        "left_elbow": {
          "avg": 98.59178263174006,
          "min": 1.4109290165925146,
          "max": 179.2730071300729,
          "std": 56.67488524829519
        },
        "right_knee": {
          "avg": 169.67534047470855,
          "min": 67.715653663731,
          "max": 179.51462477777972,
          "std": 10.02699124271392
        },
        "left_knee": {
          "avg": 170.05882185462383,
          "min": 40.56276054634755,
          "max": 179.64467238399766,
          "std": 10.898310321546678
        },
        "trunk_angle": {
          "avg": 0.8536183191969099,
          "min": -50.13845061902902,
          "max": 45.139514657300204,
          "std": 5.083246463973486
        }
      },
      "evaluation": "フォアハンドの主要なパワーを生み出す右肘の平均角度（111.8度）は、理想とされる90〜120度の範囲内にあり、ミートやドライブに適した角度で打てていると考えられます。しかし、標準偏差（ばらつき）が61.0度と極端に大きいため、ショットごとに肘の使い方が安定していない（大きく伸びたり、極端に曲げたりしている）可能性があり、再現性に課題があります。また、膝は平均170度で立っている状態に近いですが、最小角度が67.7度と深く曲げている瞬間があるため、フットワークや低いボールへの対応はできているものの、体全体の上下動が大きく、安定した打点でのコンタクトが難しい可能性があります。",
      "improvement_points": [
        "右肘の標準偏差が非常に大きい（61.0度）",
        "膝の曲げ伸ばしの幅が大きい（最小67.7度まで曲がっている）"
      ],
      "score": 3
    },
    {
      "technique": "バックハンド",
      "timestamp_sec": 0,
      "joint_angles": {
        "right_elbow": {
          "avg": 111.80225723249066,
          "min": 1.2087546800097404,
          "max": 179.26554703678718,
          "std": 61.019471993288384
        },
        "left_elbow": {
          "avg": 98.59178263174006,
          "min": 1.4109290165925146,
          "max": 179.2730071300729,
          "std": 56.67488524829519
        },
        "right_knee": {
          "avg": 169.67534047470855,
          "min": 67.715653663731,
          "max": 179.51462477777972,
          "std": 10.02699124271392
        },
        "left_knee": {
          "avg": 170.05882185462383,
          "min": 40.56276054634755,
          "max": 179.64467238399766,
          "std": 10.898310321546678
        },
        "trunk_angle": {
          "avg": 0.8536183191969099,
          "min": -50.13845061902902,
          "max": 45.139514657300204,
          "std": 5.083246463973486
        }
      },
      "evaluation": "バックハンドの動作に関わる左肘の平均角度（98.6度）も、フォアハンドと同様に理想的な範囲に収まっており、適切なタメを作れていると考えられます。しかし、こちらも標準偏差（ばらつき）が56.7度と非常に大きく、フォアハンド同様にスイングの安定性（毎回同じ角度で打つこと）が課題です。特に左膝は最小で40.6度と極端に深く曲げている瞬間があり、これは低いボールへの対応や、バックハンドでの体重移動を強く行っていることを示唆しますが、その後の立ち上がりや重心の復帰に時間がかかっている可能性があります。",
      "improvement_points": [
        "左肘の標準偏差が非常に大きい（56.7度）",
        "左膝の曲げの深さに大きなばらつきがある（最小40.6度）"
      ],
      "score": 3
    },
    {
      "technique": "全体姿勢",
      "timestamp_sec": 0,
      "joint_angles": {
        "right_elbow": {
          "avg": 111.80225723249066,
          "min": 1.2087546800097404,
          "max": 179.26554703678718,
          "std": 61.019471993288384
        },
        "left_elbow": {
          "avg": 98.59178263174006,
          "min": 1.4109290165925146,
          "max": 179.2730071300729,
          "std": 56.67488524829519
        },
        "right_knee": {
          "avg": 169.67534047470855,
          "min": 67.715653663731,
          "max": 179.51462477777972,
          "std": 10.02699124271392
        },
        "left_knee": {
          "avg": 170.05882185462383,
          "min": 40.56276054634755,
          "max": 179.64467238399766,
          "std": 10.898310321546678
        },
        "trunk_angle": {
          "avg": 0.8536183191969099,
          "min": -50.13845061902902,
          "max": 45.139514657300204,
          "std": 5.083246463973486
        }
      },
      "evaluation": "体幹の平均傾きが0.9度、標準偏差が5.1度と非常に安定しているため、上体（上半身）の軸はしっかり保たれており、打球時に体幹（胴体）が左右に大きくブレることは少ないです。これは非常に良い点です。しかし、膝の最小角度が右67.7度、左40.6度と深く、平均角度（約170度）との差が大きすぎます。これは、**フットワークや打球時の上下動が激しい**ことを意味し、重心の安定性（体の重さの中心が一定に保たれること）に欠け、打点のバラつき（ボールを打つ位置が毎回違うこと）につながりやすいです。特に肘の標準偏差が大きいことと合わせると、打点の不安定さを腕の動きでカバーしようとしている可能性があります。全体として、**土台となる下半身と腕の使い方の安定性（再現性）の向上が必要**です。",
      "improvement_points": [
        "上下動が大きい（膝の最小角度が極端に低い）",
        "肘の使い方のばらつきが大きく、再現性に欠ける"
      ],
      "score": 2
    }
  ],
  "footwork_analysis": {},
  "form_drills": [
    {
      "name": "壁打ち・定点スイング固定ドリル",
      "purpose": "肘の角度（特に右肘）とスイング軌道の再現性を高める。上下動を抑える。",
      "description": "1. 卓球台の端に立ち、ラケットを壁（またはネット、または台の角）に非常に近づけて構える。\n2. 自分の打球フォームの最も安定させたい肘の角度（例：90度～100度）を意識的に固定する。\n3. ボールを打たずに、その場でフォアハンドまたはバックハンドの素振り（シャドー）を連続で行う。\n4. 肘が壁やネットに触れないように、極めて狭い範囲で、決まった軌道（スイングプレーン）を正確になぞるように意識する。\n5. 慣れてきたら、相手に手出しで同じ場所にボールを出してもらい、その場で打球する。",
      "duration": "各スイング（フォア/バック）5分 × 2セット",
      "points": [
        "素振り中、目線の高さが変わらないように鏡や目標物を見て確認する（上下動の抑制）。",
        "肘の角度を「ロック」する感覚を掴む。肘から先（前腕）の動きではなく、体幹（胴体）の回転で打つ意識を持つ。",
        "打球後もすぐに次の準備姿勢に戻り、肘の角度を維持する。"
      ]
    },
    {
      "name": "膝固定・目線一定多球練習",
      "purpose": "膝の曲げ伸ばしのばらつきを減らし、安定した打球点（ボールを打つ位置）を確保する。",
      "description": "1. 練習相手に協力してもらい、多球練習（連続でボールを出してもらう練習）を行う。\n2. 自分の理想とする膝の角度（例：120度～130度）を決め、その角度から**絶対に膝を深く曲げたり、伸ばしきったりしない**ように意識する。\n3. 卓球台の横に椅子やコーンなどを置き、打球時に自分の頭がその目標物よりも上下しないように意識する（目線の高さを一定に保つ）。\n4. 相手には、フォア側とバック側にランダムに、しかし安定したスピードで送球してもらう。\n5. 膝の角度を変えずに、腰の回転とステップ（足の動き）だけでボールに対応する。",
      "duration": "100球 × 3セット (フォア/バック/両面ランダム)",
      "points": [
        "膝の角度を固定することで、ボールとの距離調整を足のステップ（フットワーク）で行う習慣をつける。",
        "膝を曲げすぎると、体が沈み込み、肘の角度も不安定になるため、常に「少し曲げた状態」を維持する。",
        "打球時に「フッ」と息を吐き、体幹を締める（コアを安定させる）ことで、上下動を防ぐ。"
      ]
    },
    {
      "name": "軸足固定・体重移動制御ドリル (タオル使用)",
      "purpose": "左膝（軸足）のばらつきを減らし、不必要な体重移動（荷重）を防ぐ。",
      "description": "1. フォアハンドドライブを行う際、利き足ではない方の足（左足）の裏に、丸めたタオルや薄いクッションを敷く。\n2. このタオルは、左足が地面を強く蹴ったり、体重をかけすぎたりすると、バランスを崩すようにする「不安定要素」として機能する。\n3. 相手にフォア側に定点のボールを出してもらい、フォアハンドドライブを連続で行う。\n4. 意識するのは、**左足のタオルを潰しすぎないように、右足（利き足）への体重移動を制御し、左足側は安定した軸として機能させる**こと。\n5. バックハンドの場合は、利き足（右足）の下にタオルを敷き、左足への軸の安定性を高める。",
      "duration": "各方向 5分 × 2セット",
      "points": [
        "このドリルは、軸足が不必要に動きすぎるのを物理的に抑制し、安定した下半身の土台を作る訓練である。",
        "タオルがズレたり、潰れすぎたりしないように、常に体重を5:5、または6:4（利き足側）に保つ意識を持つ。",
        "膝の曲げ伸ばしではなく、股関節（骨盤と大腿骨の繋ぎ目）を使った回転でスイングを行うことを意識する。"
      ]
    }
  ],
  "summary": {
    "form_avg_score": 2.6666666666666665,
    "footwork_score": 0,
    "total_drills": 3
  }
}